"","study name","Population","Lattitude","Longitude"
"1","Andrello et al 2020 Arabis alpina","BRU","45.150649999999999","5.6111199999999997"
"2","Andrello et al 2020 Arabis alpina","CHA","45.071170000000002","5.59267"
"3","Andrello et al 2020 Arabis alpina","VIL","45.018090000000001","5.5708299999999999"
"4","Andrello et al 2020 Arabis alpina","LAU","45.028460000000003","6.3903400000000001"
"5","Andrello et al 2020 Arabis alpina","GAL","45.060490000000001","6.4037499999999996"
"6","Andrello et al 2020 Arabis alpina","PIC","45.063850000000002","6.3842600000000003"
"7","de Souza et al 2018 Euterpe edulis","Higher altitude","-22.4605","-43.006900000000002"
"8","de Souza et al 2018 Euterpe edulis","Lower altitude","-22.457999999999998","-43.001100000000001"
"9","Eckhart et al 2011 Clarkia xantiana","BG","35.592925 ","-118.529078 "
"10","Eckhart et al 2011 Clarkia xantiana","BR","35.590125 ","-118.518186 "
"11","Eckhart et al 2011 Clarkia xantiana","CF","35.529508 ","-118.654306 "
"12","Eckhart et al 2011 Clarkia xantiana","CP3","35.803981 ","-118.449567 "
"13","Eckhart et al 2011 Clarkia xantiana","DEM","35.530667 ","-118.627475 "
"14","Eckhart et al 2011 Clarkia xantiana","DLW","35.543942 ","-118.621147 "
"15","Eckhart et al 2011 Clarkia xantiana","EC","35.591614 ","-118.446192 "
"16","Eckhart et al 2011 Clarkia xantiana","FR","35.582642 ","-118.552897 "
"17","Eckhart et al 2011 Clarkia xantiana","GCN","35.727775 ","-118.431889 "
"18","Eckhart et al 2011 Clarkia xantiana","KYE","35.623833 ","-118.515244 "
"19","Eckhart et al 2011 Clarkia xantiana","LCE","35.483714 ","-118.707092 "
"20","Eckhart et al 2011 Clarkia xantiana","LCW","35.482111 ","-118.71 "
"21","Eckhart et al 2011 Clarkia xantiana","LO","35.478661 ","-118.733833 "
"22","Eckhart et al 2011 Clarkia xantiana","MC","35.535703 ","-118.618289 "
"23","Eckhart et al 2011 Clarkia xantiana","OKRE","35.565456 ","-118.567008 "
"24","Eckhart et al 2011 Clarkia xantiana","OKRW","35.561478 ","-118.580169 "
"25","Eckhart et al 2011 Clarkia xantiana","OSR","35.699822 ","-118.484497 "
"26","Eckhart et al 2011 Clarkia xantiana","S22","35.839514 ","-118.450556 "
"27","Eckhart et al 2011 Clarkia xantiana","SM","35.604222 ","-118.417606 "
"28","Eckhart et al 2011 Clarkia xantiana","URS","35.469061 ","-118.718739 "
"29","Herzog et al. in review Sedum lanceolatum","L1","41.214745999999998","-105.326899"
"30","Herzog et al. in review Sedum lanceolatum","L2","41.308706999999998","-106.16125700000001"
"31","Herzog et al. in review Sedum lanceolatum","H1","41.378303000000002","-106.281001"
"32","Herzog et al. in review Sedum lanceolatum","H2","41.374566999999999","-106.254949"
"33","Herzog et al. in review Sedum lanceolatum","ATWE","40.049999999999997","-105.62"
"34","Horvitz et al. 2018 Psidium cattleianum","kah","19.433","-155.166"
"35","Horvitz et al. 2018 Psidium cattleianum","mak","19.567","-155.19999999999999"
"36","Horvitz et al. 2018 Psidium cattleianum","ola","19.45","-155.18299999999999"
"37","Horvitz et al. 2018 Psidium cattleianum","wai","19.582999999999998","-155.19999999999999"
"38","Kim and Donohue 2011 Erysimum capitatum","H1","39.009","-107.041"
"39","Kim and Donohue 2011 Erysimum capitatum","H2","39.664","-105.88"
"40","Kim and Donohue 2011 Erysimum capitatum","H3","40.053","-105.589"
"41","Kim and Donohue 2011 Erysimum capitatum","L1","38.605","-106.824"
"42","Kim and Donohue 2011 Erysimum capitatum","L2","39.732","-105.242"
"43","Kim and Donohue 2011 Erysimum capitatum","L3","39.961","-105.271"
"44","Knight et al 2009 Trillium grandiflorum","DC","41.517","-80.4333"
"45","Knight et al 2009 Trillium grandiflorum","DH","41.717","-80.0333"
"46","Knight et al 2009 Trillium grandiflorum","DR","41.667","-80.2333"
"47","Knight et al 2009 Trillium grandiflorum","EL","41.783","-80.0833"
"48","Knight et al 2009 Trillium grandiflorum","FX","41.8","-80.2"
"49","Knight et al 2009 Trillium grandiflorum","GT","41.4","-80.0"
"50","Knight et al 2009 Trillium grandiflorum","LR","41.733","-80.05"
"51","Knight et al 2009 Trillium grandiflorum","RH","41.483","-80.4"
"52","Knight et al 2009 Trillium grandiflorum","RM","41.333","-79.9666"
"53","Knight et al 2009 Trillium grandiflorum","TW","41.6","-80.35"
"54","Knight et al 2009 Trillium grandiflorum","WC","41.683","-80.066"
"55","Knight et al 2009 Trillium grandiflorum","WH","41.75","-79.95"
"56","Munzgergova 2005 Cirsium acaule","A-Encovany","50.5319633","14.2577406"
"57","Munzgergova 2005 Cirsium acaule","B-Malešov","50.5008683","14.3159264"
"58","Munzgergova 2005 Cirsium acaule","C-Malíč","50.5421525","14.0845919"
"59","Munzgergova 2005 Cirsium pannonicum","A-Hovr","50.5293922","14.2350814"
"60","Munzgergova 2005 Cirsium pannonicum","B-Loreta","50.5575914","14.1409106"
"61","Munzgergova 2005 Cirsium pannonicum","C-Malíč","50.5421525","14.0845919"
"62","Pascarella unpublished data Jacquemontia reclinata","Cranton Park","25.719097","-80.148319"
"63","Pascarella unpublished data Jacquemontia reclinata","South Beach","26.354739","-80.068769"
"64","Ramula 2014 Lupinus polyphyllus","1","60.494042","22.167978000000002"
"65","Ramula 2014 Lupinus polyphyllus","2","60.477817999999999","22.199679"
"66","Ramula 2014 Lupinus polyphyllus","3","60.448649000000003","22.415209999999998"
"67","Ramula 2014 Lupinus polyphyllus","4","60.424731000000001","22.478532000000001"
"68","Ramula 2014 Lupinus polyphyllus","5","60.480063000000001","22.286892999999999"
"69","Ramula 2014 Lupinus polyphyllus","6","60.407580000000003","22.342199999999998"
"70","Ramula 2014 Lupinus polyphyllus","7","60.413978999999998","22.739768000000002"
"71","Ramula 2014 Lupinus polyphyllus","8","60.370631000000003","22.259363"
"72","Ramula 2014 Lupinus polyphyllus","9","60.372222000000001","22.275928"
"73","Ramula 2014 Lupinus polyphyllus","10","60.357771","22.279769000000002"
"74","Ramula 2014 Lupinus polyphyllus","11","60.356634999999997","22.272494999999999"
"75","Ramula 2014 Lupinus polyphyllus","12","60.360933000000003","22.120103"
"76","Ramula 2014 Lupinus polyphyllus","13","60.507998000000001","22.392265999999999"
"77","Ramula 2014 Lupinus polyphyllus","14","60.506906999999998","22.382111999999999"
"78","Ramula 2014 Lupinus polyphyllus","15","60.512062","22.289961999999999"
"79","Ramula 2014 Lupinus polyphyllus","16","60.425049000000001","22.388152000000002"
"80","Ramula 2014 Lupinus polyphyllus","17","60.480221999999998","22.189067999999999"
"81","Ramula 2014 Lupinus polyphyllus","18","60.496974999999999","22.239279"
"82","Ramula 2014 Lupinus polyphyllus","19","60.420118000000002","22.213826000000001"
"83","Ramula 2014 Lupinus polyphyllus","20","60.520985000000003","22.348884000000002"
"84","Ramula 2014 Lupinus polyphyllus","21","63.275631189999999","27.678117499999999"
"85","Ramula 2014 Lupinus polyphyllus","22","63.252577549999998","27.67755687"
"86","Ramula 2014 Lupinus polyphyllus","23","63.173673729999997","27.666263900000001"
"87","Ramula 2014 Lupinus polyphyllus","24","63.13288","27.99531"
"88","Ramula 2014 Lupinus polyphyllus","25","63.138983000000003","27.946182"
"89","Ramula 2014 Lupinus polyphyllus","27","63.121516","27.656009999999998"
"90","Ramula 2014 Lupinus polyphyllus","28","63.076352","27.602236999999999"
"91","Ramula 2014 Lupinus polyphyllus","29","63.306968009999999","27.451695000000001"
"92","Ramula 2014 Lupinus polyphyllus","30","63.347856","27.416156999999998"
"93","Ramula 2014 Lupinus polyphyllus","32","62.659502000000003","27.343329000000001"
"94","Ramula 2014 Lupinus polyphyllus","33","62.632744000000002","27.126048999999998"
"95","Ramula 2014 Lupinus polyphyllus","34","62.621476999999999","27.123902999999999"
"96","Ramula 2014 Lupinus polyphyllus","36","63.358673000000003","27.750745999999999"
"97","Ramula 2014 Lupinus polyphyllus","37","63.370081999999996","27.396920000000001"
"98","Ramula 2014 Lupinus polyphyllus","38","63.374833000000002","27.403753999999999"
"99","Ramula 2014 Lupinus polyphyllus","39","63.169474999999998","27.795248999999998"
"100","Ramula 2014 Lupinus polyphyllus","40","63.412081000000001","27.682649999999999"
"101","Sheth & Angert 2018 Mimulus cardinalis","Bear Creek","36.206960000000002","-118.72689800000001"
"102","Sheth & Angert 2018 Mimulus cardinalis","Buck Meadows","37.77722","-120.063301"
"103","Sheth & Angert 2018 Mimulus cardinalis","Canton Creek","43.413699999999999","-122.78040300000001"
"104","Sheth & Angert 2018 Mimulus cardinalis","Carlon","37.81006","-119.856796"
"105","Sheth & Angert 2018 Mimulus cardinalis","Cherokee Creek","39.553840000000001","-120.987801"
"106","Sheth & Angert 2018 Mimulus cardinalis","Chino Creek","39.732619999999997","-121.40389999999999"
"107","Sheth & Angert 2018 Mimulus cardinalis","Coast Fork of Williamette","43.651699999999998","-123.087997"
"108","Sheth & Angert 2018 Mimulus cardinalis","Corral Creek","35.852899999999998","-118.447304"
"109","Sheth & Angert 2018 Mimulus cardinalis","Deep Creek","41.665460000000003","-123.11340300000001"
"110","Sheth & Angert 2018 Mimulus cardinalis","Deer Creek","42.27525","-123.639999"
"111","Sheth & Angert 2018 Mimulus cardinalis","Fiddle Creek","39.520400000000002","-120.998199"
"112","Sheth & Angert 2018 Mimulus cardinalis","Hauser Creek","32.65822","-116.532303"
"113","Sheth & Angert 2018 Mimulus cardinalis","Kitchen Creek","32.75206","-116.452202"
"114","Sheth & Angert 2018 Mimulus cardinalis","Little Jameson Creek","39.742980000000003","-120.704002"
"115","Sheth & Angert 2018 Mimulus cardinalis","Little North Fork Middle Fork Feather","39.712090000000003","-121.27480300000001"
"116","Sheth & Angert 2018 Mimulus cardinalis","Mill Creek","34.07808","-116.875603"
"117","Sheth & Angert 2018 Mimulus cardinalis","Moss Creek Merced Drainage","37.672029999999999","-119.81819900000001"
"118","Sheth & Angert 2018 Mimulus cardinalis","North Fork Middle Fork Tule","36.200809999999997","-118.650902"
"119","Sheth & Angert 2018 Mimulus cardinalis","North Fork Tuolumne","37.985550000000003","-120.204498"
"120","Sheth & Angert 2018 Mimulus cardinalis","O'Neil Creek","41.80979","-123.11889600000001"
"121","Sheth & Angert 2018 Mimulus cardinalis","Oregon Creek","39.397039999999997","-121.08200100000001"
"122","Sheth & Angert 2018 Mimulus cardinalis","Paradise Creek","36.518830000000001","-118.7603"
"123","Sheth & Angert 2018 Mimulus cardinalis","Rainbow Pool","37.818779999999997","-120.007301"
"124","Sheth & Angert 2018 Mimulus cardinalis","Redwood Creek","36.689520000000002","-118.909599"
"125","Sheth & Angert 2018 Mimulus cardinalis","Rock Creek","43.37876","-122.95210299999999"
"126","Sheth & Angert 2018 Mimulus cardinalis","South Fork Middle Fork Tule","36.137560000000001","-118.57409699999999"
"127","Sheth & Angert 2018 Mimulus cardinalis","Sweetwater Creek","37.642319999999998","-119.924797"
"128","Sheth & Angert 2018 Mimulus cardinalis","Sweetwater River","32.89913","-116.586502"
"129","Sheth & Angert 2018 Mimulus cardinalis","Wawona","37.538220000000003","-119.651398"
"130","Sheth & Angert 2018 Mimulus cardinalis","West Fork Mojave River","34.28425","-117.37539700000001"
"131","Sheth & Angert 2018 Mimulus cardinalis","Whitewater Canyon","33.993290000000002","-116.66269699999999"
"132","Sheth & Angert 2018 Mimulus cardinalis","Willow Creek","39.457850000000001","-121.061798"
"133","Tye et al. 2018 Dactylorhiza incarnata","Nordmarka","63.05","9.083333"
"134","Tye et al. 2018 Dactylorhiza incarnata","Solendet","62.666667","11.833333"
"135","Tye et al. 2018 Dactylorhiza lapponica","Nordmarka","63.05","9.083333"
"136","Tye et al. 2018 Dactylorhiza lapponica","Solendet","62.666667","11.833333"
"137","Tye et al. 2018 Dactylorhiza maculata","Nordmarka","63.05","9.083333"
"138","Tye et al. 2018 Dactylorhiza maculata","Solendet","62.666667","11.833333"
"139","Tye et al. 2018 Gymnadenia conopsea","Nordmarka","63.05","9.083333"
"140","Tye et al. 2018 Gymnadenia conopsea","Solendet","62.666667","11.833333"
