"Authors","Journal","YearPublication","DOI_ISBN"
"Albrecht; Knight; Bernardo","Biol Conserv","2016","10.1016/j.biocon.2016.09.030"
"Tolvanen; Schroderus; Henry","J Veg Sci","2001","10.2307/3236906"
"Halsey; Bell; McEachern; Pavlovic","Ecosphere","2016","10.1002/ecs2.1536"
"Bladow; Bohner; Winn","Bio One","2017","10.3375/043.037.0305"
"Rodriguez-Perez; Traveset","Oikos","2012","10.1111/j.1600-0706.2011.19946.x"
"Dostálek; Münzbergová","Folia Geobot","2013","10.1007/s12224-012-9132-2"
"Weppler; Stoll; Stocklin","J Ecol","2006","10.1111/j.1365-2745.2006.01134.x"
"CITES","Plants Committee","2008",NA
"Baldauf; Correa; Ferreira; Santos","Forest Ecol Manag","2015","10.1016/j.foreco.2015.06.022"
"Osunkoya; Perrett; Fernando; Clark; Raghu","Popul Ecol","2013","10.1007/s10144-013-0364-7"
"Peterson; Kay; Angert","New Phytol","2016","10.1111/nph.13971"
"Castle",NA,"2006",NA
"Jackson; Pearson; Turner","Forest Ecol Manag","2013","10.1016/j.foreco.2013.05.049"
"Plank",NA,"2010",NA
"Ott; Hartnett","Am Midl Nat","2015","10.1674/0003-0031-174.1.14"
"Tenhumberg; Crone; Ramula; Tyre","Ecology","2018","10.1002/ecy.2163"
"Prevéy; Seastedt","Popul Ecol","2015","10.1007/s00442-015-3398-z"
"Fréville; Colas; Riba; Caswell; Mignot; Imbert; Olivieri","Ecology","2004","10.1890/03-0119"
"Belaid; Maurice; Fréville; Carbonell; Imbert","Biol Conserv","2018","10.1016/j.biocon.2018.04.019"
"Shefferson; Kull; Tali; Kellett","Ecosphere","2012","10.1890/ES11-00328.1"
"Bladow","Master Thesis","2010",NA
"Mondragón; Maldonado; Aguilar-Santelises","Selbyana","2007","10.1111/boj.12204"
"Ramirez-Bullon",NA,"2016",NA
"McCauley; Ungar","Restor Ecol","2002",NA
"Crain; Tremblay; Ferguson","Popul Ecol","2018","10.1002/1438-390X.1002"
"Heinken-Smidova; Münzbergová","Folia Geobot","2012","10.1007/s12224-011-9116-7"
"Hughes; Figueira; Jacobi; Borba","Braz J Bot","2018","10.1007/s40415-018-0483-7"
"Pellegrino; Bellusci","Bot J Linn Soc","2014","10.1111/boj.12204"
"Giménez-Benavides; Albert; Iriondo; Escudero","Ecography","2011","10.1111/j.1600-0587.2010.06250.x"
"Knight","Am J Bot","2003","10.3732/ajb.90.8.1207"
"Lamar; McGraw","Forest Ecol Manag","2005","10.1016/j.foreco.2005.02.056"
"Dostál","J Veg Sci","2007","10.1111/j.1654-1103.2007.tb02519.x"
"Steets; Knight; Ashman","Am Nat","2007","10.1086/518178"
"Prendeville; Tenhumberg; Pilson","New Phytol","2014","10.1111/nph.12730"
"Okland","Lindbergia","1997",NA
"Winkler; Hülber; Hietz","Ann Bot-London","2009","10.1093/aob/mcp188"
"Bucharová; Münzbergová; Tájek","Am J Bot","2010","10.3732/ajb.0900351"
"Guardia; Raventós; Caswell","J Ecol","2000","10.1046/j.1365-2745.2000.00504.x"
"Mayberry; Elle","Oecologia","2010","10.1007/s00442-010-1809-8"
"Fröborg; Eriksson","Can J Bot","2003","10.1139/B03-099"
"Iriondo; Giménez-Benavides; Albert; Lozano; Escudero",NA,"2009","978-84-8014-746-0"
"Ticktin; Nantel","Biol Conserv","2004","10.1016/j.biocon.2004.03.019"
"Kiviniemi","Plant Ecol","2002","10.1023/A:1015506019670"
"Evans; Davis; Raghu; Ragavendran; Landis; Schemske","Ecol Appl","2012","10.1890/11-1291.1"
"Černá; Münzbergová","PLOS ONE","2013","10.1371/journal.pone.0075563"
"Marcante; Winkler; Erschbamer","Annals Bot","2009","10.1093/aob/mcp047"
"Bierzychudek","Ecol Monogr","1982","10.2307/2937350"
"Damman; Cain","J Ecol","1998","10.1046/j.1365-2745.1998.00242.x"
"Münzbergová","Annals Bot","2007","10.1093/aob/mcm204"
"Nicolè",NA,"2005",NA
"Lesica","Great Basin Nat","1995",NA
"Crone; Lesica","Ecology","2004","10.1890/03-0256"
"Kaye; Pyke","Ecology","2003","10.1890/0012-9658(2003)084[1464:TEOSTO]2.0.CO;2"
"Noel; Maurice; Mignot; Glémin; Carbonell; Justy; Guyot; Olivieri; Petit","Conserv Genet","2010","10.1007/s10592-010-0056-1"
"Horvitz; Schemske","Ecol Monogr","1995","10.2307/2937136"
"Miller; Antos; Allen",NA,"2004",NA
"Svensson; Wikberg","Plant Ecol","2006","10.1007/s11258-005-9006-2"
"Jongejans; Jorritsma-Wienk; Becker; Dostál; Mildén","J Ecol","2010","10.1111/j.1365-2745.2009.01612.x"
"Jongejans; de Kroon","J Ecol","2005","10.1111/j.1365-2745.2005.01003.x"
"Liu; Menges; Quintana-Ascencio","Ecol Appl","2005","10.1890/03-5382"
"Cook",NA,"1993",NA
"Jongejans; de Vere; de Kroon","Plant Ecol","2008","10.1007/s11258-008-9397-y"
"Ramula","Acta Oecol","2008","10.1016/j.actao.2007.11.005"
"Bell; Bowles; McEachern",NA,"2003","10.1007/978-3-662-09389-4_12"
"Ellis; Williams; Lesica; Bell; Bierzychudek; Bowles; Crone; Doak; Ehrlén; Ellis-Adam; McEachern; Ganesan; Latham; Luijten; Kaye; Knight; Menges; Morris; den Nijs; Oostermeijer; Quintana-Ascencio; Shelly; Stanley; Thorpe; Ticktin; Valverde; Weekley","Ecology","2012","10.1890/11-1052.1"
"Wells; Willems",NA,"1991","90-5103-068-1"
"Nicolè; Brzosko; Till-Bottraud","J Ecol","2005","10.1111/j.1365-2745.2005.01010.x"
"García; Goñi; Guzman","Conserv Biol","2010","10.1111/j.1523-1739.2010.01466.x"
"Thorpe; Stanley; Kayne; Latham",NA,"2011",NA
"Moloney","Ecology","1988","10.2307/1941656"
"Lin; Miriti; Goodell","Ecol Evol","2016","10.1002/ece3.2163"
"Menges; Quintana-Ascencio; Weekley; Gaoue","Biol Conserv","2006","10.1016/j.biocon.2005.08.002"
"Hurlburt",NA,"1999",NA
"Satterthwaite; Menges; Quintana-Ascencio","Ecol Appl","2002","10.1890/1051-0761(2002)012[1672:ASBPVI]2.0.CO;2"
"Andrello; Bizoux; Barbet-Massin; Gaudeul; Nicolè; Till-Bottraud","Biol Conserv","2012","10.1016/j.biocon.2011.12.012"
"Menges; Quintana-Ascencio","Ecol Monogr","2004","10.1890/03-4029"
"Floyd; Ranker","Int J Plant Sci","1998","10.1086/297607"
"Oostermeijer; Brugman; de Boer; den Nijs","J Ecol","1996","10.2307/2261351"
"Ramula; Toivonen; Mutikainen","Int J Plant Sci","2007","10.1086/512040"
"Nantel; Gagnon","Ecology","1999","10.1046/j.1365-2745.1999.00388.x"
"Bruna","Ecology","2003","10.1890/0012-9658(2003)084[0932:APPIFH]2.0.CO;2"
"Vega; Montaña","Plant Ecol","2004","10.1023/B:VEGE.0000048094.21994.74"
"Christensen; Gorchov","Plant Ecol","2010","10.1007/s11258-010-9749-2"
"Sinclair",NA,"2002",NA
"Quintana-Ascencio; Menges; Weekley","Conserv Biol","2003","10.1046/j.1523-1739.2003.01431.x"
"Ehrlén","J Ecol","1995","10.2307/2261568"
"Maliakal Witt",NA,"2004",NA
"Keller; Vittoz","Alpine Bot","2015","10.1007/s00035-014-0142-y"
"Bernatus",NA,"1995",NA
"Ellis","Ecology","2012","10.1890/11-1052.1"
"Bishop",NA,"1996",NA
"Dangremond; Knight","Ecology","2010","10.1890/09-0418.1"
"Angert","Ecology","2006","10.1890/0012-9658(2006)87[2014:DOCAMP]2.0.CO;2"
"Elderd; Doak","J Ecol","2006","10.1111/j.1365-2745.2006.01115.x"
"Jacquemyn; Brys; Neubert","Ecol Appl","2005","10.1890/04-1762"
"Evans; Ferrière; Kane; Venoble","Am Nat","2007","10.1086/510599"
"Thomson","Conserv Biol","2005","10.1111/j.1523-1739.2005.004108.x"
"Jacquemyns; Brys; Jongejans","Ecology","2010","10.1890/08-2321.1"
"Berg","Ecography","2002","10.1034/j.1600-0587.2002.250211.x"
"Andrieu; Fréville; Vaudey; Gauthier; Thompson; Debussche; Besnard","Popul Ecol","2013","10.1007/s10144-012-0346-1"
"Shahi",NA,"2007",NA
"Charron; Gagnon","J Ecol","1991","10.2307/2260724"
"Villellas; Ehrlén; Olesen; Braza; García","Ecography","2013","10.1111/j.1600-0587.2012.07425.x"
"Bermingham","Plant Ecol","2010","10.1007/s11258-010-9762-5"
"Jacquemyn; Brys","Ecology","2008","10.1890/07-1908.1"
"Endels; Jacquemyn; Brys; Hermy","Plant Ecol","2005","10.1007/s11258-004-0026-0"
"Valverde; Silvertown","J Ecol","1998","10.1046/j.1365-2745.1998.00280.x"
"Valdes; García; García; Ehrlén","Ecography","2013","10.1111/j.1600-0587.2013.00216.x"
"Pfingsten",NA,"2013",NA
"Picó; Riba","Plant Ecol","2002","10.1023/A:1020310609348"
"Eriksson","Ecol Res","1994","10.1007/BF02348412"
"Csergő; Molnár; García","Popul Ecol","2011","10.1007/s10144-010-0249-y"
"Salinas; Suárez; Blanca","Can J Bot","2002","10.1139/b02-013"
"Dinnetz; Nilsson","Plant Ecol","2002","10.1023/A:1015593311183"
"Crider",NA,"2009",NA
"Morris; Doak","Am J Bot","1998","10.2307/2446413"
"Schmid","JPDP","1990",NA
"Mildén",NA,"2005",NA
"Schmidt; Ticktin","Biol Conserv","2012","10.1016/j.biocon.2012.03.018"
"Mildén; Eriksson","Ann Bot Fenn","2007",NA
"Ream",NA,"2011",NA
"Lemke; Salguero-Gómez","Popul Ecol","2015","10.1007/s10144-015-0519-9"
"Scanga","Plant Ecol","2014","10.1007/s11258-014-0344-9"
"Evju; Halvorsen; Rydgren; Austrheim; Mysterud","Oecologia","2010","10.1007/s00442-010-1637-x"
"Sánchez-Velásquez; Ezcurra; Martinez-Ramos; Alvarez-Buylla; Lorente","J Ecol","2002","10.1046/j.1365-2745.2002.00702.x"
"Wong; Ticktin","Environ Conserv","2014","10.1017/S0376892914000204"
"Barot;  Gignoux; Vuattoux","J Trop Ecol","2000","10.1017/S0266467400001620"
"Valverde; Hernández-Apolinar; Mendoza-Amarom","J Sustain Forest","2006","10.1300/J091v23n01_05"
"Endress; Gorchov; Robert; Noble","Ecol Appl","2004","10.1890/02-5365"
"Octavio-Aguilar; González-Astorga; Vovides","Bot J Linn Soc","2008","10.1111/j.1095-8339.2008.00814.x"
"Lázaro-Zermeño; González-Espinosa; Mendoza; Martinez-Ramos; Quintana-Ascencio","Forest Ecol Manag","2011","10.1016/j.foreco.2010.10.028"
"Castaneda",NA,"2008",NA
"Souza; Martins","Austral Ecol","2006","10.1111/j.1442-9993.2006.01650.x"
"Zuidema; de Kroon; Werger","Ecol Appl","2007","10.1890/1051-0761(2007)017[0118:TSBPAR]2.0.CO;2"
"Pinard","Biotropica","1993","10.2307/2388974"
"Ramp",NA,"1989",NA
"Pulido; Valverde; Caballero","J Trop Ecol","2007","10.1017/S0266467406003877 "
"Olmsted; Alvarez-Buylla","Ecol Appl","1995","10.2307/1942038"
"Warton; Wardle","Austral Ecol","2003","10.1046/j.1442-9993.2003.01246.x"
"DeWalt","Biol Invasions","2006","10.1007/s10530-005-5277-8"
"Neubert; Parker","Risk Anal","2004","10.1111/j.0272-4332.2004.00481.x"
"Watson; Westoby; Holm","J Ecol","1997","10.2307/2960605"
"Zhang; Wang; Shi","Chin J Plant Ecol","2009",NA
"Raghu; Osunkoya; Perrett; Pichancourt","Basic Appl Ecol","2014","10.1016/j.baae.2014.08.006"
"Pascarella; Alde; Zimmerman","Biotropica","2007","10.1111/j.1744-7429.2006.00220.x"
"McKenna",NA,"2007",NA
"Maschinski; Baggs; Quintana-Ascencio; Menges","Conserv Biol","2006","10.1111/j.1523-1739.2006.00272.x"
"McGraw","Am J Bot","1989","10.2307/2444780"
"Nantel; Gagnon","J Ecol","1999","10.1046/j.1365-2745.1999.00388.x"
"Thaxton",NA,"2003",NA
"Tolvanen; Schroderus; Henry","Evol Ecol","2002","10.1007/978-94-017-1345-0_12"
"Dominguez Lozano; Moreno Saiz; Schwartz","J Nat Conserv","2011","10.1016/j.jnc.2011.05.005"
"Arias-Medellín; Bonfil; Valverde",NA,"2013","DOI 10.17129/botsci.525"
"Jiménez-Valdés; Caballero; Lira; Godínez-Alvarez","Econ Bot","2010","10.1007/s12231-010-9117-0"
"Torres; Casas; Vega; Martinez-Ramos; Delgado-Lemus","Econ Bot","2015","10.1007/s12231-014-9295-2"
"Martinez-Avalos",NA,"2007",NA
"Schmalzel; Reichenbacher; Rutman","Madrono","1995",NA
"Jiménez-Sierra; Mandujano; Eguiarte","Biol Conserv","2007","10.1016/j.biocon.2006.10.038"
"Ferrer; Durán; Méndez; Dorantes; Dzib","Bol Soc Bot Mex","2011",NA
"Rodriguez Ortega",NA,"2008",NA
"Flores Martínez; Manzanero-Medino; Golubov; Montaña; Mandujano","Plant Ecol","2010","10.1007/s11258-010-9737-6"
"Flores Martínez",NA,"2010",NA
"Valverde; Quijas; Lopez-Villavicencio; Castillo","Plant Ecol","2004","10.1023/B:VEGE.0000021662.78634.de"
"Haridas; Keeler; Tenhumberg","Ecology","2015","10.1890/13-1984.1"
"Mandujano; Montaña; Franco; Golubov; Flores-Martínez","Ecology","2001","10.2307/2679864"
"Shryock; Esque; Hughes","Am J Bot","2014","10.3732/ajb.1400035"
"Méndez; Durán; Olmsted","Biotropica","2004","10.1646/1601"
"Clark-Tapia",NA,"2004",NA
"van Mantgem; Stephenson","J Ecol","2005","10.1111/j.1365-2745.2005.01007.x"
"Tanaka; Shibata; Masaki; Iida; Niiyama; Abe; Kominami; Nokashizuka","J Veg Sci","2008","10.3170/2007-8-18342"
"Lin; Augspurger","Forest Ecol Manag","2008","10.1016/j.foreco.2008.02.040"
"Kaneko; Takada; Kawano","Plant Spec Biol","1999","10.1046/j.1442-1984.1999.00007.x"
"Huenneke; Marks","Ecology","1987","10.2307/1939207"
"Yamada; Yamada; Okuda; Fletcher","Oecologia","2013","10.1007/s00442-012-2529-z"
"Lehtilä; Tuomi; Sulkinoja","Ecology","1994","10.2307/1939418"
"Davelos; Jarosz","J Ecol","2004","10.1111/j.0022-0477.2004.00907.x"
"Zuidema; Brienen; During; Guneralp","Am Nat","2009","10.1086/605981"
"Loayza; Knight","Ecology","2010","10.1890/09-0480.1"
"Gaoue; Ticktin","Conserv Biol","2010","10.1111/j.1523-1739.2009.01345.x"
"Crowley; Garnett; Shephard","Austral Ecol","2009","10.1111/j.1442-9993.2008.01921.x"
"Buckley; Brockerhoff; Langer; Ledgard; North; Rees","J Appl Ecol","2005","10.1111/j.1365-2664.2005.01100.x"
"Münzbergová; Hadincová; Wild; Kindlmannová","PLOS ONE","2013","10.1371/journal.pone.0056953"
"Stewart",NA,"2001",NA
"Salguero-Gómez",NA,"2004",NA
"Renne",NA,"2001",NA
"Yamada; Zuidema; Itoh; Yamakura; Ohkubo; Kanzaki; Tan; Ashton","J Ecol","2007","10.1111/j.1365-2745.2006.01209.x"
"Gaoue;  Horvitz; Ticktin; Steiner; Tuljapurkar","J Ecol","2013","10.1111/1365-2745.12140"
"Pichancourt; van Klinken; Raghu","Ecosphere","2019",NA
"Hens; Pakanen; Jäkäläniemi; Tuomi; Kvist","Biol Conserv","2017","10.1016/j.biocon.2017.04.019"
"Riverón-Giró; Raventós; Damon; García-González; Mújica","Biol Invasions","2019","10.1007/s10530-019-01945-7"
"Ackerman; Tremblay; Pérez; Madden; Bechtold; Boeken","Int J Plant Sci","2020","doi.org/10.1086/709399"
"Julian Camilo Farfan Camargo",NA,"2008",NA
"Deep J Chapagain",NA,"2021","10.1002/ece3.7520"
"Demetria; Citlalli Maldonado-Flores; Remedios","Selbyana","2007","http://www.jstor.org/stable/41760304"
"Binu Timsina; Pavel Kindlmann; Zuzana Munzbergova; Maan B. Rokaya","Frontiers in Ecology and Evolution","2021","doi.org/10.3389/fevo.2021.676993"
"Nhora Helena Ospina-Calderón; Raymond L. Tremblay; Alba Marina Torres; Nicola S. Flanagan","Frontiers in Ecology and Evolution","2023","doi.org/10.3389/fevo.2023.1135316"
"Laura Simmons",NA,"2016",NA
"Jose Raventos; Ernesto Mujica; Elaine Gonzalez; Andreu Bonet; M Pilar Ortega-Larrocea","Popul Ecol","2021","10.1002/1438-390X.12098"
"Aucencia Emeterio Lara",NA,"2019",NA
